"Name","Plugin","Role","Version","Support Level","Lifecycle","Path","Required Variables","Default"
"Adoption Insights","@red-hat-developer-hub/backstage-plugin-adoption-insights","Frontend","1.0.4","Production","active","oci://quay.io/rhdh/red-hat-developer-hub-backstage-plugin-adoption-insights@sha256:ee2a9cc249a0e0e16196775515b37c9944503e24976942e37c85441f73d26216",";","Enabled"
"Adoption Insights","@red-hat-developer-hub/backstage-plugin-adoption-insights-backend","Backend","1.0.4","Production","active","oci://quay.io/rhdh/red-hat-developer-hub-backstage-plugin-adoption-insights-backend@sha256:4b572b8592f160a7e6b9cd5520a37cf0f0790b6ada08091b6b05828c0da4c430",";","Enabled"
"Analytics Module Adoption Insights","@red-hat-developer-hub/backstage-plugin-analytics-module-adoption-insights","Frontend","1.0.4","Production","active","oci://quay.io/rhdh/red-hat-developer-hub-backstage-plugin-analytics-module-adoption-insights@sha256:d2de93edfbedad5abb72890012bd452afa0cf8ef51a734dbc95339f499745a9f",";","Enabled"
"Analytics Provider Segment","@backstage-community/plugin-analytics-provider-segment","Frontend","2.0.0","Production","active","oci://quay.io/rhdh/backstage-community-plugin-analytics-provider-segment@sha256:59576e5a44f34be09fd035e0bac5ffbbd1296840f80660711b927fd5060f89bf","`BACKSTAGE_VERSION`;`RHDH_VERSION`;`SEGMENT_TEST_MODE`;`SEGMENT_WRITE_KEY`;","Enabled"
"App Auth","@red-hat-developer-hub/backstage-plugin-app-auth","Frontend","1.2.0","Production","active","oci://quay.io/rhdh/red-hat-developer-hub-backstage-plugin-app-auth@sha256:2773a40aca897bd18d11ff6796717642ea9c7ebb60b7b264ecf863d85e86718f",";","Enabled"
"App Defaults","@red-hat-developer-hub/backstage-plugin-app-defaults","Frontend","1.10.0","Production","active","oci://quay.io/rhdh/red-hat-developer-hub-backstage-plugin-app-defaults@sha256:fa4a0ac5e61e6ebf7364bcc395ab4107aadd6029ab01e78f679e814497132c69",";","Enabled"
"App Integrations","@red-hat-developer-hub/backstage-plugin-app-integrations","Frontend","1.1.1","Production","active","oci://quay.io/rhdh/red-hat-developer-hub-backstage-plugin-app-integrations@sha256:6f8910e8937c38f29a6358a8001949a6c57b51cf2f7b804cd47ddfa4fd2418d0",";","Enabled"
"Auth Backend Module GitHub Provider","@backstage/plugin-auth-backend-module-github-provider","Backend","0.5.6","Production","active","oci://quay.io/rhdh/backstage-plugin-auth-backend-module-github-provider@sha256:8d0c54235ac535141ccfa2b0a86a33eab0945fa22b94c07484d4d29b2614a5dc","`GITHUB_CLIENT_ID`;`GITHUB_CLIENT_SECRET`;","Disabled"
"Auth Backend Module GitLab Provider","@backstage/plugin-auth-backend-module-gitlab-provider","Backend","0.4.6","Production","active","oci://quay.io/rhdh/backstage-plugin-auth-backend-module-gitlab-provider@sha256:d17dc498290f51aca899974a3dc2fe90c1155545d3f851f636351253aa39183a","`GITLAB_CLIENT_ID`;`GITLAB_CLIENT_SECRET`;","Disabled"
"Auth Backend Module Guest Provider","@backstage/plugin-auth-backend-module-guest-provider","Backend","0.2.22","Production","active","oci://quay.io/rhdh/backstage-plugin-auth-backend-module-guest-provider@sha256:e83465115289476038b1c06866ded4e69aba8debb68b5197472dd6eff447a00b",";","Disabled"
"Auth Backend Module Keycloak Provider","@backstage-community/plugin-auth-backend-module-keycloak-provider","Backend","0.6.0","Production","active","oci://quay.io/rhdh/backstage-community-plugin-auth-backend-module-keycloak-provider@sha256:8f657651fcd40d8ae95ab7b4b950b0e6ffcb4e81653c3da4d7a36562bc29ff56","`AUTH_KEYCLOAK_BASE_URL`;`AUTH_KEYCLOAK_CLIENT_ID`;`AUTH_KEYCLOAK_CLIENT_SECRET`;`AUTH_KEYCLOAK_REALM`;`KEYCLOAK_BASE_URL`;`KEYCLOAK_CLIENT_ID`;`KEYCLOAK_CLIENT_SECRET`;`KEYCLOAK_REALM`;","Disabled"
"Auth Backend Module Microsoft Provider","@backstage/plugin-auth-backend-module-microsoft-provider","Backend","0.3.18","Production","active","oci://quay.io/rhdh/backstage-plugin-auth-backend-module-microsoft-provider@sha256:8942233489ad6c14fd9cf3108dff5d5a14e9382150dce9a0016927b7ce532e04","`MICROSOFT_CLIENT_ID`;`MICROSOFT_CLIENT_SECRET`;`MICROSOFT_TENANT_ID`;","Disabled"
"Auth Backend Module Oidc Provider","@backstage/plugin-auth-backend-module-oidc-provider","Backend","0.4.20","Production","active","oci://quay.io/rhdh/backstage-plugin-auth-backend-module-oidc-provider@sha256:c701cc727bca11bf4c2d8c83edc2aef43c65104864f39bf73e5696026816a52c","`OIDC_CLIENT_ID`;`OIDC_CLIENT_SECRET`;`OIDC_METADATA_URL`;","Disabled"
"Auth Backend Module Pingfederate Provider","@backstage-community/plugin-auth-backend-module-pingfederate-provider","Backend","0.4.0","Production","active","oci://quay.io/rhdh/backstage-community-plugin-auth-backend-module-pingfederate-provider@sha256:68fd7b0e8028b67c55f5d3fd71b5ba9b3e7a96c07327ae924537be02ec58ec80","`PINGFEDERATE_BASE_URL`;`PINGFEDERATE_CLIENT_ID`;`PINGFEDERATE_CLIENT_SECRET`;","Disabled"
"Bulk Import","@red-hat-developer-hub/backstage-plugin-bulk-import","Frontend","9.1.1","Production","active","oci://quay.io/rhdh/red-hat-developer-hub-backstage-plugin-bulk-import@sha256:c2bf9034a43d568d2785bd3f5fb4d6ed0a85583ffa53ff92500dcd3f6c1a7a64",";","Disabled"
"Bulk Import","@red-hat-developer-hub/backstage-plugin-bulk-import-backend","Backend","9.1.1","Production","active","oci://quay.io/rhdh/red-hat-developer-hub-backstage-plugin-bulk-import-backend@sha256:d1c881ce8dd220199d05dea18a494739a72929b402aa66ed5f3ffdc8ec1ab09d",";","Disabled"
"GitHub Org","@backstage/plugin-catalog-backend-module-github-org","Backend","0.3.25","Production","active","oci://quay.io/rhdh/backstage-plugin-catalog-backend-module-github-org@sha256:bc127acd256c791d526a46c8f4b65ea9165cd260c0e7cf1d28523a46885885ce","`GITHUB_ORG`;`GITHUB_URL`;","Disabled"
"GitHub","@backstage/plugin-catalog-backend-module-github","Backend","0.13.5","Production","active","oci://quay.io/rhdh/backstage-plugin-catalog-backend-module-github@sha256:f70493db1fda39deeef64e380cf107b13e442c8309a4a021f9516d43406e0c83","`GITHUB_ORG`;","Disabled"
"GitHub","@backstage/plugin-scaffolder-backend-module-github","Backend","0.9.13","Production","active","oci://quay.io/rhdh/backstage-plugin-scaffolder-backend-module-github@sha256:065d9aa11f13a0ddb25ecffe4274035c7002a822a956fb43b56f427203a859ad",";","Disabled"
"GitLab Org","@backstage/plugin-catalog-backend-module-gitlab-org","Backend","0.2.24","Production","active","oci://quay.io/rhdh/backstage-plugin-catalog-backend-module-gitlab-org@sha256:ff1b6cff59ab96b7d6df8a31abb7ae8f51f34f4a11238264c78377fab826837d","`GITLAB_HOST`;`GITLAB_ORG_GROUP`;","Disabled"
"GitLab","@backstage/plugin-catalog-backend-module-gitlab","Backend","0.8.7","Production","active","oci://quay.io/rhdh/backstage-plugin-catalog-backend-module-gitlab@sha256:7ffe50e24afbba045658cb7e0e5947e8195be41276369c51338dc674d92111f9","`GITLAB_DISCOVERY_GROUP`;`GITLAB_HOST`;","Disabled"
"Global Header","@red-hat-developer-hub/backstage-plugin-global-header","Frontend","3.1.0","Production","active","oci://quay.io/rhdh/red-hat-developer-hub-backstage-plugin-global-header@sha256:fdc0228e3caf81d156eed1172a65131426313f331bbe13dd3c58cedf666e9fbc",";","Enabled"
"Homepage","@red-hat-developer-hub/backstage-plugin-homepage","Frontend","1.18.0","Production","active","oci://quay.io/rhdh/red-hat-developer-hub-backstage-plugin-homepage@sha256:ac08c7e670cd248caca7025559fe3528d884027265b6cf9a076180f99371eada",";","Enabled"
"Homepage","@red-hat-developer-hub/backstage-plugin-homepage-backend","Backend","0.5.0","Production","active","oci://quay.io/rhdh/red-hat-developer-hub-backstage-plugin-homepage-backend@sha256:b316b1527a160f595fe625e0b6a46754b1722f5a3e643e0801f1b4b882358b5b",";","Enabled"
"Http Request","@roadiehq/scaffolder-backend-module-http-request","Backend","5.9.0","Production","active","oci://quay.io/rhdh/roadiehq-scaffolder-backend-module-http-request@sha256:1d3540a6ead60643cfbf19ee786ee7d34c7d3655abd4f3019ef60a132bb36993",";","Disabled"
"Intelligent Assistant","@red-hat-developer-hub/backstage-plugin-intelligent-assistant","Frontend","5.3.6","Production","active","oci://quay.io/rhdh/red-hat-developer-hub-backstage-plugin-intelligent-assistant@sha256:88cccf46912392c8be10aa9a454c5f5fd2257968bee1007ab8430a22cdc3d65c",";","Disabled"
"Intelligent Assistant","@red-hat-developer-hub/backstage-plugin-intelligent-assistant-backend","Backend","5.3.6","Production","active","oci://quay.io/rhdh/red-hat-developer-hub-backstage-plugin-intelligent-assistant-backend@sha256:76c597cd1e44b6fff262ad9fa8bacf0123f55bb97139138dbde8fa401dc4dc84",";","Disabled"
"Keycloak","@backstage-community/plugin-catalog-backend-module-keycloak","Backend","3.23.1","Production","active","oci://quay.io/rhdh/backstage-community-plugin-catalog-backend-module-keycloak@sha256:0dcd77501d52c9ddcc44d9ef73117ecdce2e9b64e96e8e4a7123e2096416c0cf","`KEYCLOAK_BASE_URL`;`KEYCLOAK_CLIENT_ID`;`KEYCLOAK_CLIENT_SECRET`;`KEYCLOAK_LOGIN_REALM`;`KEYCLOAK_REALM`;","Disabled"
"Kubernetes","@backstage/plugin-kubernetes","Frontend","0.12.22","Production","active","oci://quay.io/rhdh/backstage-plugin-kubernetes@sha256:ee23606a1d154b8405925c20f22d74b6be7996ef6a5185e8b3ed7f3c3f63dc2d",";","Disabled"
"Kubernetes","@backstage/plugin-kubernetes-backend","Backend","0.21.10","Production","active","oci://quay.io/rhdh/backstage-plugin-kubernetes-backend@sha256:72c59f3441b0f3caecf84d0612bfac777caa9b9d983a76dcabec1fe9ad40833b","`K8S_CLUSTER_NAME`;`K8S_CLUSTER_TOKEN`;`K8S_CLUSTER_URL`;","Disabled"
"Kubernetes","@backstage-community/plugin-scaffolder-backend-module-kubernetes","Backend","2.21.0","Production","active","oci://quay.io/rhdh/backstage-community-plugin-scaffolder-backend-module-kubernetes@sha256:2158aba17a02fc2aacce61dffa27c36cd65a50541e059c87bdcf1ed7da4578b1",";","Disabled"
"Ldap","@backstage/plugin-catalog-backend-module-ldap","Backend","0.12.8","Production","active","oci://quay.io/rhdh/backstage-plugin-catalog-backend-module-ldap@sha256:2e9b5ec43cd660f6224660b3dde29ad7a66f97ce831b85c5fbe7be14e01fef3a","`LDAP_BIND_DN`;`LDAP_BIND_SECRET`;`LDAP_GROUPS_DN`;`LDAP_TARGET_URL`;`LDAP_USERS_DN`;","Disabled"
"MS Graph","@backstage/plugin-catalog-backend-module-msgraph","Backend","0.10.5","Production","active","oci://quay.io/rhdh/backstage-plugin-catalog-backend-module-msgraph@sha256:7fb9cbeb4c535b6354d7eea21dcf678e0314c9da700361694f7e87bfb814657f","`MICROSOFT_CLIENT_ID`;`MICROSOFT_CLIENT_SECRET`;`MICROSOFT_TENANT_ID`;","Disabled"
"Orchestrator Backend Module Loki","@red-hat-developer-hub/backstage-plugin-orchestrator-backend-module-loki","Backend","1.5.1","Production","active","oci://quay.io/rhdh/red-hat-developer-hub-backstage-plugin-orchestrator-backend-module-loki@sha256:2d6700e7aece25d52ae44f49f9b76d3533758d93fe283b7e8bef2fb7b6441267","`AUTH_TOKEN`;`LOKI_BASE_URL`;","Disabled"
"Orchestrator Form Widgets","@red-hat-developer-hub/backstage-plugin-orchestrator-form-widgets","Frontend","2.2.0","Production","active","oci://quay.io/rhdh/red-hat-developer-hub-backstage-plugin-orchestrator-form-widgets@sha256:6985671a07eee565fb9e73b040aec2c12b0fa12908a9a2af2edbe4ee12d26b2e",";","Disabled"
"Orchestrator","@red-hat-developer-hub/backstage-plugin-orchestrator","Frontend","6.2.1","Production","active","oci://quay.io/rhdh/red-hat-developer-hub-backstage-plugin-orchestrator@sha256:e088a669a6a7978191c064a704325555022d5430eb26a32b8949f218afcd1609",";","Disabled"
"Orchestrator","@red-hat-developer-hub/backstage-plugin-orchestrator-backend","Backend","8.13.1","Production","active","oci://quay.io/rhdh/red-hat-developer-hub-backstage-plugin-orchestrator-backend@sha256:3bd4562c0c63ffe4899a1c4fc81a5cf697094f86d18747deed46718870b3cc96",";","Disabled"
"Orchestrator","@red-hat-developer-hub/backstage-plugin-scaffolder-backend-module-orchestrator","Backend","1.8.1","Production","active","oci://quay.io/rhdh/red-hat-developer-hub-backstage-plugin-scaffolder-backend-module-orchestrator@sha256:6722d6eaa17b4b192f172b6dbb0b86279ef43be446f8c90937f4ceac6bab265f",";","Disabled"
"Org","@backstage/plugin-org","Frontend","0.7.8","Production","active","oci://quay.io/rhdh/backstage-plugin-org:2.2.0--0.7.8",";","Disabled"
"Quickstart","@red-hat-developer-hub/backstage-plugin-quickstart","Frontend","2.2.0","Production","active","oci://quay.io/rhdh/red-hat-developer-hub-backstage-plugin-quickstart@sha256:ea89e2dcfc34c900fc87fbb4801bbdb01218ded5bdf6f977a79174315f0a86a5",";","Enabled"
"RBAC","@backstage-community/plugin-rbac","Frontend","2.3.1","Production","active","oci://quay.io/rhdh/backstage-community-plugin-rbac@sha256:8224a5374ba197697b5ef91646bbbf83dfa91bd26f5a515cebb4b54549f42cb8",";","Disabled"
"Regex","@backstage-community/plugin-scaffolder-backend-module-regex","Backend","2.18.0","Production","active","oci://quay.io/rhdh/backstage-community-plugin-scaffolder-backend-module-regex@sha256:bb5b056de13065a17405ad1e3293d24ffeb097a06045b9ca3d5ea684e37bd1c9",";","Enabled"
"Signals","@backstage/plugin-signals","Frontend","0.0.34","Production","active","oci://quay.io/rhdh/backstage-plugin-signals@sha256:5aef8abe57e219c0019355e856fe3265d7d1fec438e255cf1b52ec451f0ff115",";","Disabled"
"Signals","@backstage/plugin-signals-backend","Backend","0.3.18","Production","active","oci://quay.io/rhdh/backstage-plugin-signals-backend@sha256:029227f361db0d417fd29e2a907ead06067def56581ef2cddfdbedb9f68f9528",";","Disabled"
"Tech Radar","@backstage-community/plugin-tech-radar","Frontend","1.22.0","Production","active","oci://quay.io/rhdh/backstage-community-plugin-tech-radar@sha256:27d97f97ec2223bdc3a63a81fadaede3e90a631502c6d34338e2a2270acce8cd",";","Disabled"
"Tech Radar","@backstage-community/plugin-tech-radar-backend","Backend","1.21.0","Production","active","oci://quay.io/rhdh/backstage-community-plugin-tech-radar-backend@sha256:1b9896a2183a6fbcd078f87bf7899ffb4dbe7c29f83e8681abf400cbae5af2a0","`TECH_RADAR_DATA_URL`;","Disabled"
"Topology","@backstage-community/plugin-topology","Frontend","3.0.1","Production","active","oci://quay.io/rhdh/backstage-community-plugin-topology@sha256:191bd39b38b120b61da120b2a9a4c77e1d8f56d77afe48649284f23f25079ff3",";","Disabled"
"Events Backend Module GitHub","@backstage/plugin-events-backend-module-github","Backend","0.4.15","Red Hat Tech Preview","active","oci://quay.io/rhdh/backstage-plugin-events-backend-module-github@sha256:f7208cd74df274f4642b7e81b31d5e1281ec911484142a61f1eec645e5dae2b3","`GITHUB_WEBHOOK_SECRET`;","Disabled"
"Extensions","@red-hat-developer-hub/backstage-plugin-extensions","Frontend","1.0.1","Red Hat Tech Preview","active","oci://quay.io/rhdh/red-hat-developer-hub-backstage-plugin-extensions@sha256:a1eaab191deaf45b00ebfcc97cb6a428c37e31c2810cfc4c0beabdb60eeda284",";","Enabled"
"Extensions","@red-hat-developer-hub/backstage-plugin-catalog-backend-module-extensions","Backend","1.0.1","Red Hat Tech Preview","active","oci://quay.io/rhdh/red-hat-developer-hub-backstage-plugin-catalog-backend-module-extensions@sha256:0cc9ba36eaf417dd0c360c28d15d69d5ca299281544a12af69f5e8b7dae1403e","`RHDH_EXTENSIONS_DIRECTORY`;","Enabled"
"Extensions","@red-hat-developer-hub/backstage-plugin-extensions-backend","Backend","1.0.1","Red Hat Tech Preview","active","oci://quay.io/rhdh/red-hat-developer-hub-backstage-plugin-extensions-backend@sha256:ed40d86822a9bccb0623d7c59fbb7ec5147977b9c629cfde00aad989c577086e","`RHDH_EXTENSIONS_INSTALL_EXPORT_PATH`;","Enabled"
"GitLab","@backstage/plugin-scaffolder-backend-module-gitlab","Backend","0.11.10","Red Hat Tech Preview","active","oci://quay.io/rhdh/backstage-plugin-scaffolder-backend-module-gitlab@sha256:9e452045ec0551abe2f1fd600cd3d1bb0b1650be26daf7d623684e007323f083",";","Disabled"
"Notifications","@backstage/plugin-notifications","Frontend","0.5.20","Red Hat Tech Preview","active","oci://quay.io/rhdh/backstage-plugin-notifications@sha256:c692a9eab60ba6e456bde84ae749ed0669e4a7df0e4210088fceb7da07ae40ae",";","Disabled"
"Notifications","@backstage/plugin-notifications-backend","Backend","0.6.8","Red Hat Tech Preview","active","oci://quay.io/rhdh/backstage-plugin-notifications-backend@sha256:f45573d459b7c0dd1bbf8af3c9d80ab1f2f6f102bb59bed277c910458169af04",";","Disabled"
"Notifications","@backstage/plugin-notifications-backend-module-email","Backend","0.3.24","Red Hat Tech Preview","active","oci://quay.io/rhdh/backstage-plugin-notifications-backend-module-email@sha256:fd3fb12839350e0eff5c5ed0bf42a9d145d8d683555252d78d0df42f1f07cbe6","`EMAIL_HOSTNAME`;`EMAIL_PASSWORD`;`EMAIL_SENDER`;`EMAIL_USERNAME`;","Disabled"
"Pingidentity","@backstage-community/plugin-catalog-backend-module-pingidentity","Backend","0.15.0","Red Hat Tech Preview","active","oci://quay.io/rhdh/backstage-community-plugin-catalog-backend-module-pingidentity@sha256:be529386d3f1af58c4d6f152f5251e9fd3dfe2b704643e6ccc67c66c4aa73775","`PING_IDENTITY_API_BASE_URL`;`PING_IDENTITY_AUTH_BASE_URL`;`PING_IDENTITY_CLIENT_ID`;`PING_IDENTITY_CLIENT_SECRET`;`PING_IDENTITY_ENV_ID`;","Disabled"
"Scaffolder Relation Processor","@backstage-community/plugin-catalog-backend-module-scaffolder-relation-processor","Backend","2.17.1","Red Hat Tech Preview","active","oci://quay.io/rhdh/backstage-community-plugin-catalog-backend-module-scaffolder-relation-processor@sha256:7799c58e3d183622a46c0f2d782479c7b4b80c6f30410922c9a9e3850b748b6b",";","Disabled"
"Scorecard Backend Module Dependabot","@red-hat-developer-hub/backstage-plugin-scorecard-backend-module-dependabot","Backend","1.1.3","Red Hat Tech Preview","active","oci://quay.io/rhdh/red-hat-developer-hub-backstage-plugin-scorecard-backend-module-dependabot@sha256:6118371fef30bce61e420ea9201ec183626c3cc28530dff5b9f92c9cb8320c2c",";","Disabled"
"Scorecard Backend Module Dora","@red-hat-developer-hub/backstage-plugin-scorecard-backend-module-dora","Backend","0.2.2","Red Hat Tech Preview","active","oci://quay.io/rhdh/red-hat-developer-hub-backstage-plugin-scorecard-backend-module-dora@sha256:6cdcc182c5fe84a00fece749a1598b30dc84139021b1eb5241c845f8b3a3ff2f",";","Disabled"
"Scorecard Backend Module Filecheck","@red-hat-developer-hub/backstage-plugin-scorecard-backend-module-filecheck","Backend","1.1.3","Red Hat Tech Preview","active","oci://quay.io/rhdh/red-hat-developer-hub-backstage-plugin-scorecard-backend-module-filecheck@sha256:e6f98370bed3d2ae2149471142f75293788a583b199f6ca8fb899174c09e70ca",";","Disabled"
"Scorecard Backend Module GitHub","@red-hat-developer-hub/backstage-plugin-scorecard-backend-module-github","Backend","4.4.1","Red Hat Tech Preview","active","oci://quay.io/rhdh/red-hat-developer-hub-backstage-plugin-scorecard-backend-module-github@sha256:aa4522d6d7fbef638a16bdf7fef5b2d0b8618b1f47794adf28c101096cef22e3",";","Disabled"
"Scorecard Backend Module Jira","@red-hat-developer-hub/backstage-plugin-scorecard-backend-module-jira","Backend","4.4.1","Red Hat Tech Preview","active","oci://quay.io/rhdh/red-hat-developer-hub-backstage-plugin-scorecard-backend-module-jira@sha256:1ac6a476899201e7e397ba3481357f0e14babbbff3c7f893f434d122bb45bd35","`JIRA_TOKEN`;`JIRA_URL`;","Disabled"
"Scorecard Backend Module Openssf","@red-hat-developer-hub/backstage-plugin-scorecard-backend-module-openssf","Backend","2.0.0","Red Hat Tech Preview","active","oci://quay.io/rhdh/red-hat-developer-hub-backstage-plugin-scorecard-backend-module-openssf@sha256:69759ec95badd27be5656331337987a191f30976a28e6937f1e4a6a2d7907693",";","Disabled"
"Scorecard Backend Module SonarQube","@red-hat-developer-hub/backstage-plugin-scorecard-backend-module-sonarqube","Backend","4.4.1","Red Hat Tech Preview","active","oci://quay.io/rhdh/red-hat-developer-hub-backstage-plugin-scorecard-backend-module-sonarqube@sha256:626b16b04f07251fdabf0620a7c4c8984b86e2ca91ce5bfd248195a893cd0937","`SONARQUBE_API_KEY`;","Disabled"
"Scorecard","@red-hat-developer-hub/backstage-plugin-scorecard","Frontend","4.4.1","Red Hat Tech Preview","active","oci://quay.io/rhdh/red-hat-developer-hub-backstage-plugin-scorecard@sha256:5c80a98e9e1b936692f3377f67f0e21ced5950a3d56e4a1bb51ca2d20c52adc3",";","Disabled"
"Scorecard","@red-hat-developer-hub/backstage-plugin-scorecard-backend","Backend","4.4.1","Red Hat Tech Preview","active","oci://quay.io/rhdh/red-hat-developer-hub-backstage-plugin-scorecard-backend@sha256:61d47d7336502b26620e0e64f3d8dc76da5305da6de801863eb98c1c66f5c6f0",";","Disabled"
